carrier,type,product,50,55,60,65,70,75,80,85,90,95,100,105,110,115,120,125,130,135,140,145
F&G,IUL,F&G Everlast (0-17),30.0,35.0,40.0,45.0,50.0,55.0,60.0,63.0,65.0,68.0,70.0,73.0,75.0,78.0,80.0,83.0,85.0,88.0,90.0,95.0
F&G,IUL,F&G Everlast (18-80),30.0,35.0,40.0,45.0,50.0,55.0,60.0,65.0,70.0,75.0,80.0,85.0,90.0,95.0,100.0,105.0,110.0,115.0,120.0,125.0
F&G,IUL,F&G ExecuDex (18-60),35.0,40.0,45.0,50.0,55.0,60.0,65.0,70.0,75.0,80.0,85.0,90.0,95.0,100.0,105.0,110.0,115.0,120.0,125.0,130.0
F&G,IUL,F&G ExecuDex (61-99),,,,,,,,,,,,,,,,,,,,
F&G,IUL,F&G Pathsetter (0-17),30.0,35.0,40.0,45.0,50.0,55.0,60.0,63.0,65.0,68.0,70.0,73.0,75.0,78.0,80.0,83.0,85.0,88.0,90.0,95.0
F&G,IUL,F&G Pathsetter (18-80),35.0,40.0,45.0,50.0,55.0,60.0,65.0,70.0,75.0,80.0,85.0,90.0,95.0,100.0,105.0,110.0,115.0,120.0,125.0,130.0
Corebridge,WL,Guaranteed Issue Whole Life,20.0,25.0,30.0,35.0,40.0,45.0,50.0,50.0,55.0,55.0,60.0,60.0,65.0,65.0,70.0,70.0,75.0,75.0,80.0,80.0
Corebridge,TL,QoL Flex Term 15-19 yr,35.0,35.0,35.0,35.0,35.0,35.0,35.0,40.0,45.0,50.0,55.0,60.0,65.0,70.0,75.0,80.0,85.0,90.0,95.0,100.0
Corebridge,TL,"QoL Flex Term 20-30, & 35 yr",45.0,45.0,45.0,45.0,45.0,45.0,45.0,50.0,55.0,60.0,65.0,70.0,75.0,80.0,85.0,90.0,95.0,100.0,105.0,110.0
Corebridge,ULI,QoL Guarantee Plus GUL II,40.0,40.0,40.0,40.0,40.0,40.0,40.0,45.0,50.0,55.0,60.0,65.0,70.0,75.0,80.0,85.0,90.0,95.0,100.0,105.0
Corebridge,IUL,QoL Max Accumulator+ III,40.0,40.0,40.0,40.0,40.0,40.0,40.0,45.0,50.0,55.0,60.0,65.0,70.0,75.0,80.0,85.0,90.0,95.0,100.0,105.0
Corebridge,IUL,QoL Value + Protector III,40.0,40.0,40.0,40.0,40.0,40.0,40.0,45.0,50.0,55.0,60.0,65.0,70.0,75.0,80.0,85.0,90.0,95.0,100.0,105.0
Corebridge,WL,SimpliNow Legacy Max,37.0,42.0,47.0,52.0,57.0,62.0,67.0,72.0,77.0,82.0,87.0,92.0,97.0,102.0,107.0,112.0,117.0,122.0,127.0,132.0
Corebridge,WL,SimpliNow Legacy,7.0,7.0,7.0,12.0,17.0,22.0,27.0,32.0,37.0,42.0,47.0,52.0,57.0,62.0,67.0,72.0,77.0,82.0,87.0,92.0
Ethos,AD,Accidental Death Insurance,21.0,24.0,27.0,30.0,33.0,36.0,39.0,42.0,45.0,48.0,51.0,54.0,57.0,60.0,63.0,65.0,66.0,68.0,69.0,71.0
Ethos,AD,Accidental Death Insurance Rider,40.0,45.0,50.0,55.0,60.0,65.0,70.0,75.0,80.0,85.0,90.0,95.0,100.0,105.0,110.0,115.0,120.0,125.0,130.0,135.0
Ethos,IUL,Ethos Indexed Universal Life,25.0,30.0,35.0,40.0,45.0,50.0,55.0,60.0,65.0,70.0,75.0,80.0,85.0,90.0,95.0,100.0,105.0,110.0,115.0,120.0
Ethos,TL,Ethos Term Life - Choice,35.0,40.0,45.0,50.0,55.0,60.0,65.0,70.0,75.0,80.0,85.0,90.0,95.0,100.0,105.0,108.0,110.0,113.0,115.0,118.0
Ethos,TL,Ethos Term Life - Prime,35.0,40.0,45.0,50.0,55.0,60.0,65.0,70.0,75.0,80.0,85.0,90.0,95.0,100.0,105.0,108.0,110.0,113.0,115.0,118.0
Ethos,TL,Trustage Term Life,5.0,8.0,10.0,13.0,15.0,18.0,20.0,23.0,25.0,28.0,30.0,33.0,35.0,38.0,40.0,43.0,45.0,48.0,50.0,53.0
Ethos,WL,TruStage TAWL (Ages 18 - 59),19.0,22.0,25.0,28.0,31.0,34.0,37.0,40.0,43.0,46.0,48.0,51.0,54.0,57.0,60.0,61.0,63.0,64.0,66.0,67.0
Ethos,WL,TruStage TAWL (Ages 81 - 85),19.0,22.0,25.0,28.0,31.0,34.0,37.0,40.0,43.0,46.0,48.0,51.0,54.0,57.0,60.0,61.0,63.0,64.0,66.0,67.0
Ethos,WL,TruStage TAWL (Ages 60 - 80 only),35.0,40.0,45.0,50.0,55.0,60.0,65.0,70.0,75.0,80.0,85.0,90.0,95.0,100.0,105.0,108.0,110.0,113.0,115.0,118.0
Ethos,WL,Trustage GAWL,3.0,3.0,3.0,3.0,3.0,3.0,3.0,3.0,3.0,3.0,5.0,8.0,10.0,13.0,15.0,18.0,20.0,23.0,25.0,28.0
Ethos,TL,TruStage Term Life (SITL),5.0,8.0,10.0,13.0,15.0,18.0,20.0,23.0,25.0,28.0,30.0,33.0,35.0,38.0,40.0,43.0,45.0,48.0,50.0,53.0
Ethos,IUL,Accumulation IUL,25.0,30.0,35.0,40.0,45.0,50.0,55.0,60.0,65.0,70.0,75.0,80.0,85.0,90.0,95.0,100.0,105.0,110.0,115.0,120.0
Mutual of Omaha,TLE,Term Life Express 10 New Business,30.0,35.0,40.0,45.0,50.0,55.0,60.0,65.0,70.0,75.0,80.0,85.0,90.0,95.0,100.0,105.0,110.0,115.0,120.0,125.0
Mutual of Omaha,TLE,"Term Life Express 15, 20, 30 New Business",50.0,55.0,60.0,65.0,70.0,75.0,80.0,85.0,90.0,95.0,100.0,105.0,110.0,115.0,120.0,125.0,130.0,135.0,140.0,145.0
Mutual of Omaha,FE,Level Product Ages 45-80,41.0,45.0,49.0,53.0,57.0,61.0,65.0,70.0,74.0,78.0,82.0,86.0,90.0,95.0,100.0,105.0,110.0,115.0,120.0,125.0
Mutual of Omaha,FE,Level Product Ages 81-85,24.0,26.0,28.0,30.0,32.0,34.0,36.0,39.0,41.0,43.0,45.0,48.0,50.0,55.0,60.0,65.0,70.0,75.0,80.0,85.0
Mutual of Omaha,FE,Graded Product Ages 45-80,47.0,49.0,51.0,53.0,55.0,57.0,58.0,60.0,61.0,63.0,65.0,66.0,68.0,70.0,73.0,75.0,78.0,80.0,83.0,85.0
Mutual of Omaha,IUL,IULE Commission Up to Target,35.0,40.0,45.0,50.0,55.0,60.0,65.0,70.0,75.0,80.0,85.0,90.0,95.0,100.0,105.0,110.0,115.0,120.0,125.0,130.0
Mutual of Omaha,IUL,"Income Advantage, Life Protection Advantage",50.0,50.0,50.0,50.0,50.0,50.0,50.0,55.0,60.0,65.0,70.0,75.0,80.0,85.0,90.0,95.0,100.0,105.0,110.0,115.0
Mutual of Omaha,UL,Accum UL Answers/ GUL Commission Rate Up to Target,5.0,10.0,15.0,20.0,25.0,30.0,35.0,40.0,45.0,50.0,55.0,60.0,65.0,70.0,75.0,80.0,85.0,90.0,95.0,100.0
Mutual of Omaha,TL,Term Life Answers 10 New Business,3.0,3.0,8.0,13.0,18.0,23.0,28.0,33.0,38.0,43.0,48.0,53.0,58.0,63.0,68.0,73.0,78.0,83.0,88.0,93.0
Mutual of Omaha,TL,Term Life Answers 15 New Business,9.0,14.0,19.0,24.0,29.0,34.0,39.0,44.0,49.0,54.0,59.0,64.0,69.0,74.0,79.0,84.0,89.0,94.0,99.0,104.0
Mutual of Omaha,TL,"Term Life Answers New Business 20, 30",20.0,25.0,30.0,35.0,40.0,45.0,50.0,55.0,60.0,65.0,70.0,75.0,80.0,85.0,90.0,95.0,100.0,105.0,110.0,115.0
Mutual of Omaha,CWL,Whole Life Conversion,53.0,56.0,59.0,62.0,65.0,68.0,70.0,73.0,75.0,78.0,80.0,83.0,85.0,88.0,90.0,92.0,95.0,97.0,100.0,102.0
Mutual of Omaha,AD,Mutual Accidental Death,40.0,45.0,50.0,55.0,60.0,65.0,70.0,75.0,80.0,85.0,90.0,95.0,100.0,105.0,110.0,115.0,120.0,125.0,130.0,135.0
Mutual of Omaha,,Mutual Critical Advantage,10.0,10.0,10.0,10.0,10.0,15.0,20.0,25.0,30.0,35.0,40.0,45.0,45.0,45.0,45.0,45.0,50.0,50.0,50.0,50.0
Foresters,WL,Advantage Plus II - Fully Underwritten WL Pay 100 - Issue Age 76 - 80,15.0,18.0,20.0,23.0,25.0,28.0,30.0,33.0,35.0,40.0,45.0,45.0,45.0,50.0,55.0,60.0,65.0,70.0,75.0,80.0
Foresters,Other,Term 10 Rider - on WL Pay 100 and WL 20 Pay,33.0,35.0,38.0,40.0,43.0,45.0,48.0,50.0,53.0,55.0,58.0,60.0,63.0,65.0,68.0,70.0,73.0,75.0,78.0,80.0
Foresters,WL,Advantage Plus II - Simplified Issue WL 20 Pay - Issue Age 71 - 75,18.0,20.0,23.0,25.0,28.0,30.0,33.0,35.0,38.0,40.0,43.0,45.0,48.0,50.0,53.0,55.0,58.0,60.0,63.0,65.0
Foresters,WL,Advantage Plus II - Fully Underwritten WL Pay 100 - Issue Age 71 - 75,18.0,20.0,23.0,25.0,28.0,30.0,35.0,40.0,45.0,50.0,55.0,55.0,55.0,60.0,65.0,70.0,75.0,80.0,85.0,90.0
Foresters,TL,Strong Foundation 10 Yr Non-Medical,40.0,45.0,50.0,55.0,60.0,65.0,70.0,75.0,80.0,85.0,90.0,95.0,95.0,100.0,108.0,110.0,112.0,115.0,118.0,120.0
Foresters,TL,Strong Foundation 15/20/25/30 Yr Non-Med Term (Substandard),48.0,50.0,53.0,55.0,58.0,60.0,63.0,65.0,68.0,70.0,73.0,75.0,75.0,80.0,85.0,90.0,95.0,100.0,105.0,110.0
Foresters,TL,Prepared II Accidental Death Term US General States,40.0,45.0,50.0,55.0,60.0,65.0,70.0,75.0,80.0,85.0,90.0,95.0,95.0,100.0,105.0,110.0,115.0,120.0,125.0,130.0
Foresters,TL,Prepared II Accidental Death Term Alternate States,25.0,30.0,35.0,40.0,45.0,50.0,55.0,60.0,65.0,70.0,75.0,80.0,80.0,83.0,85.0,87.0,89.0,91.0,93.0,95.0
Foresters,IUL,SMART UL Target FYC,55.0,58.0,60.0,63.0,65.0,68.0,70.0,73.0,75.0,78.0,80.0,83.0,85.0,88.0,90.0,95.0,100.0,105.0,110.0,115.0
Foresters,WL,PlanRight Preferred/Standard - Issue Ages 50 - 80,40.0,45.0,50.0,55.0,60.0,65.0,70.0,75.0,80.0,85.0,90.0,95.0,100.0,105.0,110.0,115.0,120.0,123.0,125.0,128.0
Foresters,WL,Advantage Plus II - Simplified Issue WL Pay 100 - Issue Age up to 65,25.0,30.0,35.0,40.0,45.0,50.0,55.0,60.0,65.0,70.0,75.0,75.0,75.0,80.0,85.0,90.0,95.0,100.0,105.0,110.0
Foresters,WL,Advantage Plus II - Fully Underwritten WL Pay 100 - Issue Age up to 65,25.0,30.0,35.0,40.0,45.0,50.0,55.0,60.0,65.0,70.0,75.0,75.0,75.0,80.0,85.0,90.0,95.0,100.0,105.0,110.0
Foresters,WL,BrightFuture - Juvenile Whole Life WL Pay 100,25.0,30.0,35.0,40.0,45.0,50.0,55.0,60.0,65.0,70.0,75.0,75.0,75.0,80.0,85.0,90.0,95.0,100.0,105.0,110.0
Foresters,WL,Advantage Plus II - Simplified Issue WL Pay 100 - Issue Age 66 - 70,15.0,20.0,25.0,30.0,35.0,40.0,45.0,50.0,55.0,60.0,65.0,65.0,65.0,70.0,75.0,80.0,85.0,90.0,95.0,100.0
Foresters,WL,Advantage Plus II - Fully Underwritten WL Pay 100 - Issue Age 66 - 70,15.0,20.0,25.0,30.0,35.0,40.0,45.0,50.0,55.0,60.0,65.0,65.0,65.0,70.0,75.0,80.0,85.0,90.0,95.0,100.0
Foresters,Other,Term 20 Rider - on WL Pay 100 only,48.0,50.0,53.0,55.0,58.0,60.0,63.0,65.0,68.0,70.0,73.0,75.0,78.0,80.0,83.0,85.0,88.0,90.0,93.0,95.0
Foresters,WL,Advantage Plus II - Simplified Issue WL Pay 100 - Issue Age 71 - 75,18.0,20.0,23.0,25.0,28.0,30.0,35.0,40.0,45.0,50.0,55.0,55.0,55.0,60.0,65.0,70.0,75.0,80.0,85.0,90.0
Foresters,WL,BrightFuture - Juvenile Whole Life WL 10 Pay,16.0,18.0,20.0,22.0,24.0,26.0,28.0,30.0,32.0,34.0,36.0,36.0,36.0,38.0,40.0,42.0,44.0,46.0,48.0,50.0
Foresters,WL,Advantage Plus II - Fully Underwritten WL 20 Pay - Issue Age 71 - 75,18.0,20.0,23.0,25.0,28.0,30.0,33.0,35.0,38.0,40.0,43.0,45.0,48.0,50.0,53.0,55.0,58.0,60.0,63.0,65.0
Foresters,WL,PlanRight Basic - Issue Ages 50 - 80,15.0,18.0,20.0,23.0,25.0,28.0,30.0,33.0,35.0,38.0,40.0,43.0,45.0,48.0,50.0,55.0,60.0,63.0,65.0,68.0
Foresters,WL,Advantage Plus II - Fully Underwritten WL 20 Pay - Issue Age 66 - 70,23.0,25.0,28.0,30.0,33.0,35.0,38.0,40.0,43.0,45.0,48.0,50.0,53.0,55.0,58.0,60.0,63.0,65.0,68.0,70.0
Foresters,WL,Advantage Plus II - Simplified Issue WL 20 Pay - Issue Age 66 - 70,23.0,25.0,28.0,30.0,33.0,35.0,38.0,40.0,43.0,45.0,48.0,50.0,53.0,55.0,58.0,60.0,63.0,65.0,68.0,70.0
Foresters,WL,Advantage Plus II - Fully Underwritten WL Pay 100 - Issue Age 81 - 85,8.0,10.0,13.0,15.0,18.0,20.0,23.0,25.0,28.0,30.0,35.0,35.0,35.0,40.0,45.0,50.0,55.0,60.0,65.0,70.0
Foresters,WL,Advantage Plus II - Fully Underwritten WL 20 Pay - Issue Age up to 65,28.0,30.0,33.0,35.0,38.0,40.0,43.0,45.0,48.0,50.0,53.0,55.0,58.0,60.0,63.0,65.0,68.0,70.0,73.0,75.0
Foresters,WL,Advantage Plus II - Simplified Issue WL 20 Pay - Issue Age up to 65,28.0,30.0,33.0,35.0,38.0,40.0,43.0,45.0,48.0,50.0,53.0,55.0,58.0,60.0,63.0,65.0,68.0,70.0,73.0,75.0
Foresters,WL,PlanRight Preferred/Standard - Issue Ages 81 - 85,10.0,15.0,20.0,25.0,30.0,35.0,40.0,45.0,50.0,55.0,60.0,65.0,70.0,75.0,80.0,85.0,90.0,93.0,95.0,98.0
Foresters,TL,10 Yr Medical / Non-Medical Term,20.0,25.0,30.0,35.0,40.0,45.0,50.0,55.0,60.0,65.0,70.0,75.0,75.0,80.0,82.0,84.0,86.0,88.0,90.0,92.0
Foresters,TL,15/20/25/30 Yr Medical Term,25.0,30.0,35.0,40.0,45.0,50.0,55.0,60.0,65.0,70.0,75.0,80.0,80.0,85.0,90.0,95.0,100.0,105.0,110.0,115.0
Foresters,TL,15/20/25/30 Yr Non-Medical Term,40.0,45.0,50.0,55.0,60.0,65.0,70.0,75.0,80.0,85.0,90.0,95.0,95.0,100.0,105.0,110.0,115.0,120.0,125.0,130.0
Foresters,TL,Strong Foundation 10 Yr Non-Med Term (Substandard),38.0,40.0,43.0,45.0,48.0,50.0,53.0,55.0,58.0,60.0,63.0,65.0,65.0,70.0,78.0,80.0,82.0,85.0,88.0,90.0
Foresters,TL,Strong Foundation 15/20/25/30 Yr Non-Medical Term,50.0,55.0,60.0,65.0,70.0,75.0,80.0,85.0,90.0,95.0,100.0,105.0,105.0,110.0,115.0,120.0,125.0,130.0,135.0,140.0
Foresters,TL,Your Term 15/20/25/30,23.0,28.0,33.0,38.0,43.0,48.0,53.0,58.0,63.0,68.0,73.0,78.0,83.0,88.0,93.0,98.0,103.0,108.0,113.0,118.0
Foresters,TL,Your Term 10,8.0,8.0,8.0,8.0,8.0,13.0,18.0,23.0,28.0,33.0,38.0,43.0,48.0,53.0,58.0,63.0,68.0,73.0,78.0,83.0
Foresters,WL,Live Well Plus,25.0,30.0,35.0,40.0,45.0,50.0,55.0,60.0,65.0,70.0,75.0,75.0,75.0,80.0,85.0,90.0,95.0,100.0,105.0,110.0
Foresters,WL,Live Well Plus (Term 10 Rider),3.0,3.0,6.0,9.0,12.0,15.0,18.0,21.0,24.0,27.0,30.0,33.0,36.0,39.0,42.0,45.0,48.0,51.0,54.0,57.0
Foresters,WL,Live Well Plus (Term 15&20 Rider),10.0,13.0,16.0,19.0,22.0,25.0,28.0,31.0,34.0,37.0,40.0,43.0,46.0,49.0,52.0,55.0,58.0,61.0,64.0,67.0
Transamerica,TL,Trendsetter Super 10 Year (2T3),14.0,18.0,22.0,26.0,30.0,34.0,38.0,42.0,46.0,50.0,54.0,58.0,63.0,67.0,71.0,75.0,79.0,83.0,87.0,91.0
Transamerica,TL,Trendsetter Super 15 Year (2T2),19.0,23.0,27.0,31.0,35.0,39.0,43.0,47.0,51.0,55.0,59.0,63.0,68.0,72.0,76.0,80.0,84.0,88.0,92.0,96.0
Transamerica,TL,Trendsetter Super 20/25/30 Year (2T1),24.0,28.0,32.0,36.0,40.0,44.0,48.0,52.0,56.0,60.0,64.0,68.0,73.0,77.0,81.0,85.0,89.0,93.0,97.0,101.0
Transamerica,TL,Trendsetter LB 10 Year (2TC),15.0,19.0,23.0,26.0,30.0,34.0,37.0,41.0,45.0,49.0,52.0,56.0,60.0,64.0,67.0,71.0,75.0,79.0,83.0,86.0
Transamerica,TL,Trendsetter LB 15 Year (2TB),24.0,28.0,32.0,36.0,40.0,44.0,48.0,52.0,56.0,60.0,64.0,68.0,73.0,77.0,81.0,85.0,89.0,93.0,97.0,101.0
Transamerica,TL,Trendsetter LB 20/25/30 Year (2TA),34.0,38.0,42.0,46.0,50.0,54.0,58.0,62.0,66.0,70.0,74.0,78.0,83.0,87.0,91.0,95.0,99.0,103.0,107.0,111.0
Transamerica,WL,Lifetime WL (A48),34.0,39.0,44.0,50.0,55.0,60.0,66.0,71.0,76.0,82.0,87.0,92.0,98.0,103.0,108.0,113.0,119.0,124.0,129.0,135.0
Transamerica,FE,Immediate Solution (185),31.0,36.0,41.0,45.0,50.0,55.0,59.0,64.0,69.0,73.0,78.0,83.0,87.0,92.0,97.0,102.0,106.0,111.0,116.0,120.0
Transamerica,FE,10 Pay Solution (186),19.0,24.0,29.0,33.0,38.0,43.0,47.0,52.0,57.0,61.0,66.0,71.0,75.0,80.0,85.0,90.0,94.0,99.0,104.0,108.0
Transamerica,FE,Easy Solution (187),5.0,5.0,5.0,5.0,10.0,15.0,19.0,24.0,28.0,33.0,37.0,42.0,47.0,51.0,56.0,60.0,65.0,69.0,74.0,78.0
Transamerica,FE,FE Express Solution (188),46.0,51.0,56.0,60.0,65.0,70.0,74.0,79.0,84.0,88.0,93.0,98.0,102.0,107.0,112.0,117.0,121.0,126.0,131.0,135.0
Transamerica,FE,Graded FE Express Solution (189),12.0,16.0,21.0,25.0,30.0,35.0,39.0,44.0,48.0,53.0,57.0,62.0,67.0,71.0,76.0,80.0,85.0,89.0,94.0,98.0
Transamerica,IUL,FFIUL (P00),8.0,14.0,19.0,25.0,30.0,35.0,41.0,46.0,52.0,57.0,63.0,68.0,73.0,79.0,84.0,90.0,95.0,101.0,106.0,112.0
Transamerica,IUL,FCIUL (A62)***,12.0,17.0,21.0,26.0,30.0,34.0,39.0,43.0,48.0,52.0,56.0,61.0,65.0,69.0,74.0,78.0,83.0,87.0,91.0,96.0
Transamerica,IUL,FFIUL 2 Express,30.0,35.0,40.0,45.0,50.0,55.0,60.0,65.0,70.0,75.0,80.0,85.0,90.0,95.0,100.0,105.0,110.0,115.0,120.0,125.0
National Life Group,IUL,FlexLife** SummitLife** SurvivorLife**PeakLife,20.0,25.0,30.0,35.0,40.0,45.0,50.0,55.0,60.0,65.0,70.0,75.0,80.0,85.0,90.0,95.0,100.0,105.0,110.0,115.0
National Life Group,IUL,Rapid Protect,30.0,35.0,40.0,45.0,50.0,55.0,60.0,65.0,70.0,75.0,80.0,85.0,90.0,95.0,100.0,105.0,110.0,115.0,120.0,125.0
National Life Group,WL,Total Secure NL,40.0,45.0,50.0,55.0,60.0,65.0,70.0,75.0,80.0,85.0,90.0,95.0,100.0,105.0,110.0,115.0,120.0,125.0,130.0,135.0
National Life Group,GUL,Basic Secure**,20.0,25.0,30.0,35.0,40.0,45.0,50.0,55.0,60.0,65.0,70.0,75.0,80.0,85.0,90.0,95.0,100.0,105.0,110.0,115.0
National Life Group,WL,Total Secure Issue Age 0-59,20.0,25.0,30.0,35.0,40.0,45.0,50.0,55.0,60.0,65.0,70.0,75.0,80.0,85.0,90.0,95.0,100.0,105.0,110.0,115.0
National Life Group,WL,Total Secure Issue Age 60 -69,20.0,25.0,30.0,35.0,40.0,45.0,50.0,55.0,60.0,65.0,70.0,75.0,80.0,85.0,90.0,95.0,100.0,105.0,110.0,115.0
National Life Group,WL,Total Secure Issue Age 70-79,14.0,18.0,21.0,25.0,28.0,32.0,35.0,39.0,43.0,46.0,50.0,53.0,57.0,60.0,64.0,67.0,71.0,74.0,78.0,81.0
National Life Group,WL,Total Secure Issue Age 80-85,8.0,10.0,13.0,15.0,17.0,19.0,21.0,23.0,25.0,27.0,29.0,31.0,33.0,35.0,38.0,40.0,42.0,44.0,46.0,48.0
National Life Group,TL,"LSW ART, Term 10 and 15",6.0,6.0,6.0,11.0,15.0,19.0,24.0,28.0,32.0,37.0,41.0,45.0,50.0,54.0,58.0,63.0,67.0,71.0,76.0,80.0
National Life Group,TL,LSW Term 20 and 30,5.0,10.0,15.0,20.0,25.0,30.0,35.0,40.0,45.0,50.0,55.0,60.0,65.0,70.0,75.0,80.0,85.0,90.0,95.0,100.0
National Life Group,IUL,Rapid Protect NL,19.0,22.0,25.0,28.0,31.0,34.0,37.0,40.0,43.0,46.0,49.0,52.0,55.0,58.0,61.0,64.0,67.0,70.0,73.0,76.0
National Life Group,IUL,FlexLife NL,19.0,22.0,25.0,28.0,31.0,34.0,37.0,40.0,43.0,46.0,49.0,52.0,55.0,58.0,61.0,64.0,67.0,70.0,73.0,76.0
Fidelity Life,TL,InstaBrain 10 Year,25.0,30.0,35.0,40.0,45.0,50.0,55.0,60.0,65.0,70.0,75.0,80.0,85.0,90.0,95.0,100.0,105.0,110.0,115.0,120.0
Fidelity Life,TL,InstaBrain 15 Year,30.0,35.0,40.0,45.0,50.0,55.0,60.0,65.0,70.0,75.0,80.0,85.0,90.0,95.0,100.0,105.0,110.0,115.0,120.0,125.0
Fidelity Life,TL,InstaBrain 20 & 30 Year,35.0,40.0,45.0,50.0,55.0,60.0,65.0,70.0,75.0,80.0,85.0,90.0,95.0,100.0,105.0,110.0,115.0,120.0,125.0,130.0
Fidelity Life,TL,InstaBrain,35.0,40.0,45.0,50.0,55.0,60.0,65.0,70.0,75.0,80.0,85.0,90.0,95.0,100.0,105.0,110.0,115.0,120.0,125.0,130.0
Fidelity Life,TL,PureTerm 10 Year,25.0,30.0,35.0,40.0,45.0,50.0,55.0,60.0,65.0,70.0,75.0,80.0,85.0,90.0,95.0,100.0,105.0,110.0,115.0,120.0
Fidelity Life,TL,PureTerm 15 Year,30.0,35.0,40.0,45.0,50.0,55.0,60.0,65.0,70.0,75.0,80.0,85.0,90.0,95.0,100.0,105.0,110.0,115.0,120.0,125.0
Fidelity Life,TL,PureTerm 20 & 30 Year,35.0,40.0,45.0,50.0,55.0,60.0,65.0,70.0,75.0,80.0,85.0,90.0,95.0,100.0,105.0,110.0,115.0,120.0,125.0,130.0
Fidelity Life,WL,Guaranteed Issue GDB Whole Life Ages 50-69,30.0,33.0,35.0,38.0,40.0,43.0,45.0,48.0,50.0,53.0,55.0,58.0,60.0,63.0,65.0,68.0,70.0,73.0,75.0,78.0
Fidelity Life,WL,Guaranteed Issue GDB Whole Life Ages 70-79,10.0,13.0,15.0,18.0,20.0,23.0,25.0,28.0,30.0,33.0,35.0,38.0,40.0,43.0,45.0,48.0,50.0,53.0,55.0,58.0
Fidelity Life,WL,Guaranteed Issue GDB Whole Life Ages 80+,5.0,5.0,5.0,7.0,10.0,13.0,15.0,18.0,20.0,23.0,25.0,28.0,30.0,33.0,35.0,38.0,40.0,43.0,45.0,48.0
Fidelity Life,WL,Final Expense Whole Life Ages 50-69,38.0,43.0,48.0,53.0,58.0,63.0,68.0,73.0,78.0,83.0,88.0,93.0,98.0,103.0,108.0,113.0,118.0,123.0,128.0,133.0
Fidelity Life,WL,Final Expense Whole Life Ages 70-79,13.0,18.0,23.0,28.0,33.0,38.0,43.0,48.0,53.0,58.0,63.0,68.0,73.0,78.0,83.0,88.0,93.0,98.0,103.0,108.0
Fidelity Life,WL,Final Expense Whole Life Ages 80+,6.0,6.0,6.0,6.0,6.0,12.0,18.0,24.0,29.0,35.0,41.0,47.0,52.0,58.0,64.0,70.0,75.0,81.0,87.0,93.0
Fidelity Life,TL,Rapid Decision Senior Life Term Ages 50-69,42.0,45.0,47.0,50.0,52.0,55.0,57.0,60.0,62.0,65.0,67.0,70.0,72.0,75.0,78.0,80.0,83.0,85.0,88.0,90.0
Fidelity Life,TL,Rapid Decision Senior Life Term Ages 70-79,18.0,20.0,23.0,25.0,28.0,30.0,33.0,35.0,38.0,40.0,43.0,45.0,48.0,50.0,53.0,55.0,58.0,60.0,63.0,65.0
Fidelity Life,WL,Rapid Decision Senior Life Whole Life Ages 50-69,42.0,45.0,47.0,50.0,52.0,55.0,57.0,60.0,62.0,65.0,67.0,70.0,72.0,75.0,78.0,80.0,83.0,85.0,88.0,90.0
Fidelity Life,WL,Rapid Decision Senior Life Whole Life Ages 70-79,18.0,20.0,23.0,25.0,28.0,30.0,33.0,35.0,38.0,40.0,43.0,45.0,48.0,50.0,53.0,55.0,58.0,60.0,63.0,65.0
Fidelity Life,WL,Rapid Decision Senior Life Whole Life Ages 80+,3.0,3.0,3.0,3.0,3.0,5.0,8.0,10.0,13.0,15.0,18.0,20.0,23.0,25.0,28.0,30.0,33.0,35.0,38.0,40.0
Fidelity Life,AD,Accidental Death Benefit,47.0,50.0,52.0,55.0,57.0,60.0,62.0,65.0,67.0,70.0,72.0,75.0,77.0,80.0,83.0,85.0,88.0,90.0,93.0,95.0
Fidelity Life,Other,Accidental Death Benefit ROP Rider,13.0,15.0,18.0,20.0,23.0,25.0,28.0,30.0,33.0,35.0,38.0,40.0,43.0,45.0,48.0,50.0,53.0,55.0,58.0,60.0
American Amicable,WL,Security Solution,10.0,15.0,20.0,25.0,30.0,35.0,40.0,45.0,50.0,55.0,60.0,65.0,70.0,75.0,80.0,85.0,90.0,95.0,100.0,105.0
American Amicable,IUL,Intelligent Choice IUL,30.0,35.0,40.0,45.0,50.0,55.0,60.0,65.0,70.0,75.0,80.0,85.0,90.0,95.0,100.0,105.0,110.0,115.0,120.0,125.0
American Amicable,UL,SecureLife Plus Ages (0-60),50.0,55.0,60.0,65.0,70.0,75.0,80.0,85.0,90.0,95.0,100.0,105.0,110.0,115.0,120.0,125.0,130.0,135.0,140.0,145.0
American Amicable,UL,SecureLife Plus Ages (61-80),35.0,40.0,45.0,50.0,55.0,60.0,65.0,70.0,75.0,80.0,85.0,90.0,95.0,100.0,105.0,110.0,115.0,120.0,125.0,130.0
American Amicable,WL,Senior / Family Choice (Immediate) Ages 80-85,61.0,63.0,64.0,66.0,67.0,69.0,70.0,72.0,73.0,75.0,76.0,78.0,79.0,81.0,82.0,84.0,85.0,87.0,88.0,90.0
American Amicable,WL,Senior / Family Choice (Graded) Ages 0-79,14.0,19.0,24.0,29.0,34.0,39.0,44.0,49.0,54.0,59.0,64.0,69.0,74.0,79.0,84.0,89.0,94.0,99.0,104.0,109.0
American Amicable,WL,Senior / Family Choice (Graded) Ages 80-85,61.0,63.0,64.0,66.0,67.0,69.0,70.0,72.0,73.0,75.0,76.0,78.0,79.0,81.0,82.0,84.0,85.0,87.0,88.0,90.0
American Amicable,TL,SafeCare Term 10 Year,30.0,35.0,40.0,45.0,50.0,55.0,60.0,65.0,70.0,75.0,80.0,85.0,90.0,95.0,100.0,105.0,110.0,115.0,120.0,125.0
American Amicable,TL,SafeCare Term 15 Year,35.0,40.0,45.0,50.0,55.0,60.0,65.0,70.0,75.0,80.0,85.0,90.0,95.0,100.0,105.0,110.0,115.0,120.0,125.0,130.0
American Amicable,TL,SafeCare Term 20 & 30 Year,50.0,55.0,60.0,65.0,70.0,75.0,80.0,85.0,90.0,95.0,100.0,105.0,110.0,115.0,120.0,125.0,130.0,135.0,140.0,145.0
American Amicable,TL,Term Made Simple 10,52.0,54.0,56.0,58.0,60.0,62.0,64.0,66.0,68.0,70.0,72.0,74.0,76.0,78.0,80.0,82.0,84.0,86.0,88.0,90.0
American Amicable,TL,Term Made Simple 15,10.0,15.0,20.0,25.0,30.0,35.0,40.0,45.0,50.0,55.0,60.0,65.0,70.0,75.0,80.0,85.0,90.0,95.0,100.0,105.0
American Amicable,TL,Term Made Simple 20 & 30,30.0,35.0,40.0,45.0,50.0,55.0,60.0,65.0,70.0,75.0,80.0,85.0,90.0,95.0,100.0,105.0,110.0,115.0,120.0,125.0
American Amicable,FEWL,Platinum Solution Legacy / Family Plan Ages 0-79,30.0,35.0,40.0,45.0,50.0,55.0,60.0,65.0,70.0,75.0,80.0,85.0,90.0,95.0,100.0,105.0,110.0,115.0,120.0,125.0
American Amicable,FEWL,Platinum Solution Legacy / Family Plan Ages 80-85,51.0,53.0,55.0,57.0,59.0,61.0,63.0,65.0,67.0,69.0,71.0,73.0,75.0,77.0,79.0,81.0,83.0,85.0,87.0,89.0
American Amicable,TL,OBA Term,10.0,15.0,20.0,25.0,30.0,35.0,40.0,45.0,50.0,55.0,60.0,65.0,70.0,75.0,80.0,85.0,90.0,95.0,100.0,105.0
American Amicable,WL,Senior / Family Choice (Immediate) Ages 0-79,30.0,35.0,40.0,45.0,50.0,55.0,60.0,65.0,70.0,75.0,80.0,85.0,90.0,95.0,100.0,105.0,110.0,115.0,120.0,125.0
Baltimore Life,,AWAITING REAL DATA - Brayden to confirm with a Baltimore Life-appointed agent,,,,,,,,,,,,,,,,,,
Aflac,,AWAITING REAL DATA - Brayden to confirm with an Aflac-appointed agent,,,,,,,,,,,,,,,,,,
Chubb,,AWAITING REAL DATA - Brayden to confirm with a Chubb-appointed agent,,,,,,,,,,,,,,,,,,
